{
  "IcoMoonType": "selection",
  "icons": [
    {
      "icon": {
        "paths": [
          "M1017.344 330.394c6.093 13.158 6.502 66.048-250.061 186.47l-251.546 118.067c-87.552 41.114-214.579 95.181-270.592 110.131-39.219 10.445-76.646-16.179-76.646-16.179s-112.947-101.12-142.95-123.853c-29.952-22.733-27.392-34.304 11.008-46.592 23.91-7.629 160.256 25.242 218.368 39.936 68.557-40.96 131.174-76.083 160.819-92.058-71.475-52.89-205.21-151.654-247.859-181.76-40.909-28.928 0.512-39.322 0.512-39.322 18.842-5.069 59.494-11.674 79.974-7.373 139.315 29.133 371.866 106.035 389.683 111.923 42.598-22.323 108.954-55.91 149.606-75.008 106.24-49.869 221.542-1.894 229.683 15.616z"
        ],
        "attrs": [
          {}
        ],
        "isMulticolor": false,
        "isMulticolor2": false,
        "grid": 0,
        "tags": [
          "aircraft-take-off"
        ]
      },
      "attrs": [
        {}
      ],
      "properties": {
        "order": 7,
        "id": 11,
        "name": "aircraft-take-off",
        "prevSize": 32
      },
      "setIdx": 0,
      "setId": 4,
      "iconIdx": 0
    },
    {
      "icon": {
        "paths": [
          "M563.2 844.8v-179.2h-409.6v-307.2h409.6v-179.2l332.8 332.8-332.8 332.8z"
        ],
        "attrs": [
          {}
        ],
        "isMulticolor": false,
        "isMulticolor2": false,
        "grid": 0,
        "tags": [
          "arrow-right"
        ]
      },
      "attrs": [
        {}
      ],
      "properties": {
        "order": 8,
        "id": 10,
        "name": "arrow-right",
        "prevSize": 32
      },
      "setIdx": 0,
      "setId": 4,
      "iconIdx": 1
    },
    {
      "icon": {
        "paths": [
          "M716.8 102.4v870.4l-204.8-204.8-204.8 204.8v-870.4c0-28.314 29.952-52.224 51.2-51.2h307.2c35.277-1.024 51.2 22.886 51.2 51.2z"
        ],
        "attrs": [
          {}
        ],
        "isMulticolor": false,
        "isMulticolor2": false,
        "grid": 0,
        "tags": [
          "bookmark"
        ]
      },
      "attrs": [
        {}
      ],
      "properties": {
        "order": 9,
        "id": 9,
        "name": "bookmark",
        "prevSize": 32
      },
      "setIdx": 0,
      "setId": 4,
      "iconIdx": 2
    },
    {
      "icon": {
        "paths": [
          "M296.96 624.64v-317.44h-194.56c-56.32 0-102.4 46.080-102.4 102.4v307.2c0 56.32 46.080 102.4 102.4 102.4h51.2v153.6l153.6-153.6h256c56.32 0 102.4-46.080 102.4-102.4v-93.184c-3.277 0.717-6.758 1.075-10.24 1.075l-358.4-0.051zM921.6 51.2h-460.8c-56.32 0-102.4 46.080-102.4 102.4v409.6h358.4l153.6 153.6v-153.6h51.2c56.32 0 102.4-46.029 102.4-102.4v-307.2c0-56.32-46.080-102.4-102.4-102.4z"
        ],
        "attrs": [
          {}
        ],
        "isMulticolor": false,
        "isMulticolor2": false,
        "grid": 0,
        "tags": [
          "chat"
        ]
      },
      "attrs": [
        {}
      ],
      "properties": {
        "order": 10,
        "id": 8,
        "name": "chat",
        "prevSize": 32
      },
      "setIdx": 0,
      "setId": 4,
      "iconIdx": 3
    },
    {
      "icon": {
        "paths": [
          "M956.006 563.2h-85.606v307.2c0 22.784-9.933 51.2-51.2 51.2h-204.8v-307.2h-204.8v307.2h-204.8c-41.267 0-51.2-28.416-51.2-51.2v-307.2h-85.606c-30.618 0-24.064-16.589-3.072-38.298l410.829-411.238c9.984-10.342 23.091-15.462 36.25-15.974 13.158 0.512 26.266 5.581 36.25 15.974l410.778 411.187c21.043 21.76 27.597 38.349-3.021 38.349z"
        ],
        "attrs": [
          {}
        ],
        "isMulticolor": false,
        "isMulticolor2": false,
        "grid": 0,
        "tags": [
          "home"
        ]
      },
      "attrs": [
        {}
      ],
      "properties": {
        "order": 11,
        "id": 7,
        "name": "home",
        "prevSize": 32
      },
      "setIdx": 0,
      "setId": 4,
      "iconIdx": 4
    },
    {
      "icon": {
        "paths": [
          "M905.779 241.92c-25.754-152.422-164.864-254.31-310.733-227.379s-269.107 144.179-243.354 296.704c5.478 32.819 20.89 84.173 39.066 121.088l-264.96 395.418c-9.779 14.592-15.309 40.909-12.39 58.419l17.050 100.915c2.97 17.51 19.046 29.286 35.84 26.317l77.619-14.387c16.794-3.021 38.093-17.818 47.309-32.717l104.806-169.523 0.922-1.126 70.963-13.107 122.368-198.605c40.192 7.117 97.894 4.71 131.994-1.587 145.818-26.931 209.254-187.904 183.501-340.429zM776.499 320.102c-40.141 59.904-81.101 17.715-138.394-24.32-57.293-41.882-109.312-67.686-69.222-127.59s119.091-74.496 176.486-32.512c57.344 41.933 71.219 124.518 31.13 184.422z"
        ],
        "attrs": [
          {}
        ],
        "isMulticolor": false,
        "isMulticolor2": false,
        "grid": 0,
        "tags": [
          "key"
        ]
      },
      "attrs": [
        {}
      ],
      "properties": {
        "order": 12,
        "id": 6,
        "name": "key",
        "prevSize": 32
      },
      "setIdx": 0,
      "setId": 4,
      "iconIdx": 5
    },
    {
      "icon": {
        "paths": [
          "M991.59 926.822l-69.99-210.022h-76.8l42.65 204.8h-750.899l42.65-204.8h-76.8l-70.042 210.022c-17.766 53.453 13.722 97.178 70.042 97.178h819.2c56.32 0 87.808-43.725 69.99-97.178zM768 256c0-141.363-114.586-256-256-256s-256 114.637-256 256c0 244.48 256 512 256 512s256-267.52 256-512zM373.76 259.072c0-76.339 61.85-138.189 138.24-138.189s138.24 61.85 138.24 138.189c0 76.39-61.901 138.24-138.24 138.24s-138.24-61.901-138.24-138.24z"
        ],
        "attrs": [
          {}
        ],
        "isMulticolor": false,
        "isMulticolor2": false,
        "grid": 0,
        "tags": [
          "location"
        ]
      },
      "attrs": [
        {}
      ],
      "properties": {
        "order": 13,
        "id": 5,
        "name": "location",
        "prevSize": 32
      },
      "setIdx": 0,
      "setId": 4,
      "iconIdx": 6
    },
    {
      "icon": {
        "paths": [
          "M716.8 512l-307.2-256v153.6h-358.4v204.8h358.4v153.6l307.2-256zM870.4 870.4h-409.6v102.4h409.6c56.32 0 102.4-46.080 102.4-102.4v-716.8c0-56.32-46.080-102.4-102.4-102.4h-409.6v102.4h409.6v716.8z"
        ],
        "attrs": [
          {}
        ],
        "isMulticolor": false,
        "isMulticolor2": false,
        "grid": 0,
        "tags": [
          "login"
        ]
      },
      "attrs": [
        {}
      ],
      "properties": {
        "order": 14,
        "id": 4,
        "name": "login",
        "prevSize": 32
      },
      "setIdx": 0,
      "setId": 4,
      "iconIdx": 7
    },
    {
      "icon": {
        "paths": [
          "M898.304 791.91l-193.485-193.485c29.184-47.872 45.978-104.192 45.978-164.352 0-174.95-151.603-326.502-326.554-326.502s-316.723 141.773-316.723 316.723c0 174.899 151.603 326.502 326.502 326.502 58.214 0 112.64-15.821 159.488-43.213l194.509 194.611c19.046 18.995 49.92 18.995 68.915 0l48.282-48.282c18.995-18.995 12.083-43.008-6.912-62.003zM205.005 424.294c0-121.139 98.15-219.29 219.238-219.29s229.069 107.878 229.069 229.069c0 121.088-98.202 219.29-219.29 219.29s-229.018-107.981-229.018-229.069z"
        ],
        "attrs": [
          {}
        ],
        "isMulticolor": false,
        "isMulticolor2": false,
        "grid": 0,
        "tags": [
          "magnifying-glass"
        ]
      },
      "attrs": [
        {}
      ],
      "properties": {
        "order": 15,
        "id": 3,
        "name": "magnifying-glass",
        "prevSize": 32
      },
      "setIdx": 0,
      "setId": 4,
      "iconIdx": 8
    },
    {
      "icon": {
        "paths": [
          "M995.686 190.362l-307.2-153.6c-14.387-7.219-31.386-7.219-45.824 0l-288.256 144.128-287.027-95.693c-15.667-5.222-32.768-2.611-46.131 7.066s-21.248 25.088-21.248 41.523v665.651c0 19.405 10.957 37.12 28.314 45.773l307.2 153.6c7.219 3.584 15.053 5.427 22.886 5.427s15.718-1.792 22.886-5.427l288.256-144.077 287.027 95.693c15.616 5.12 32.768 2.509 46.131-7.117s21.248-25.088 21.248-41.472v-665.702c0.051-19.405-10.906-37.12-28.262-45.773zM409.6 267.827l204.8-102.4v602.266l-204.8 102.4v-602.266zM102.4 204.8l204.8 68.25v597.043l-204.8-102.4v-562.893zM921.6 830.822l-204.8-68.301v-597.094l204.8 102.4v562.995z"
        ],
        "attrs": [
          {}
        ],
        "isMulticolor": false,
        "isMulticolor2": false,
        "grid": 0,
        "tags": [
          "map"
        ]
      },
      "attrs": [
        {}
      ],
      "properties": {
        "order": 16,
        "id": 2,
        "name": "map",
        "prevSize": 32
      },
      "setIdx": 0,
      "setId": 4,
      "iconIdx": 9
    },
    {
      "icon": {
        "paths": [
          "M921.6 307.2v358.4c0 56.32-46.080 102.4-102.4 102.4h-204.8v153.6l-204.8-153.6h-204.8c-56.371 0-102.4-46.080-102.4-102.4v-358.4c0-56.32 46.029-102.4 102.4-102.4h614.4c56.32 0 102.4 46.080 102.4 102.4z"
        ],
        "attrs": [
          {}
        ],
        "isMulticolor": false,
        "isMulticolor2": false,
        "grid": 0,
        "tags": [
          "message"
        ]
      },
      "attrs": [
        {}
      ],
      "properties": {
        "order": 17,
        "id": 1,
        "name": "message",
        "prevSize": 32
      },
      "setIdx": 0,
      "setId": 4,
      "iconIdx": 10
    },
    {
      "icon": {
        "paths": [
          "M244.429 782.694l-107.776 166.4 11.469 54.426 54.272-11.622 107.725-166.298c-11.469-6.144-22.835-12.698-33.843-19.968-11.162-7.219-21.811-14.95-31.846-22.938zM700.723 724.582c0.717-1.485 1.178-3.123 1.843-4.71 2.714-5.99 5.12-11.981 7.066-18.278 0.307-1.126 0.461-2.253 0.819-3.277 1.997-6.963 3.686-13.824 5.018-20.89 0-0.358 0-0.614 0-1.075 9.984-59.853-7.424-126.618-47.258-186.931l56.832-87.757c65.485 8.346 122.112-8.141 149.35-50.278 47.258-72.858-10.24-194.15-128.256-271.002-118.118-76.902-252.058-80.128-299.213-7.373-27.341 42.189-19.354 100.71 15.002 157.338l-56.934 87.757c-71.117-11.93-139.059-0.819-189.594 32.768-0.307 0.102-0.666 0.205-0.87 0.41-5.888 3.994-11.622 8.397-16.998 13.005-0.87 0.717-1.894 1.382-2.611 2.099-5.018 4.301-9.523 9.114-13.875 13.926-1.024 1.229-2.458 2.304-3.43 3.584-5.427 6.195-10.445 12.749-14.848 19.712-70.861 109.21-10.394 274.483 134.81 369.101 145.306 94.618 320.512 82.637 391.219-26.573 4.454-6.912 8.55-14.131 11.93-21.555zM658.995 214.733c-45.414-29.542-67.584-76.134-49.408-104.243 18.125-28.006 69.683-26.726 114.995 2.816 45.517 29.542 67.482 76.237 49.408 104.243s-69.53 26.726-114.995-2.816z"
        ],
        "attrs": [
          {}
        ],
        "isMulticolor": false,
        "isMulticolor2": false,
        "grid": 0,
        "tags": [
          "pin"
        ]
      },
      "attrs": [
        {}
      ],
      "properties": {
        "order": 18,
        "id": 0,
        "name": "pin",
        "prevSize": 32
      },
      "setIdx": 0,
      "setId": 4,
      "iconIdx": 11
    },
    {
      "icon": {
        "paths": [
          "M1024 608l-192-192v-288h-128v160l-192-192-512 512v32h128v320h320v-192h128v192h320v-320h128z"
        ],
        "tags": [
          "home",
          "house"
        ],
        "defaultCode": 59650,
        "grid": 16,
        "attrs": []
      },
      "attrs": [],
      "properties": {
        "ligatures": "home3, house3",
        "name": "home3",
        "order": 5,
        "id": 3,
        "prevSize": 32
      },
      "setIdx": 3,
      "setId": 1,
      "iconIdx": 2
    },
    {
      "icon": {
        "paths": [
          "M896 128v832h-672c-53.026 0-96-42.98-96-96s42.974-96 96-96h608v-768h-640c-70.398 0-128 57.6-128 128v768c0 70.4 57.602 128 128 128h768v-896h-64z",
          "M224.056 832v0c-0.018 0.002-0.038 0-0.056 0-17.672 0-32 14.326-32 32s14.328 32 32 32c0.018 0 0.038-0.002 0.056-0.002v0.002h607.89v-64h-607.89z"
        ],
        "tags": [
          "book",
          "read",
          "reading"
        ],
        "defaultCode": 59679,
        "grid": 16,
        "attrs": []
      },
      "attrs": [],
      "properties": {
        "ligatures": "book, read",
        "name": "book",
        "order": 19,
        "id": 32,
        "prevSize": 32
      },
      "setIdx": 3,
      "setId": 1,
      "iconIdx": 31
    },
    {
      "icon": {
        "width": 1152,
        "paths": [
          "M480 0v0c265.096 0 480 173.914 480 388.448s-214.904 388.448-480 388.448c-25.458 0-50.446-1.62-74.834-4.71-103.106 102.694-222.172 121.108-341.166 123.814v-25.134c64.252-31.354 116-88.466 116-153.734 0-9.106-0.712-18.048-2.030-26.794-108.558-71.214-177.97-179.988-177.97-301.89 0-214.534 214.904-388.448 480-388.448zM996 870.686c0 55.942 36.314 104.898 92 131.772v21.542c-103.126-2.318-197.786-18.102-287.142-106.126-21.14 2.65-42.794 4.040-64.858 4.040-95.47 0-183.408-25.758-253.614-69.040 144.674-0.506 281.26-46.854 384.834-130.672 52.208-42.252 93.394-91.826 122.414-147.348 30.766-58.866 46.366-121.582 46.366-186.406 0-10.448-0.45-20.836-1.258-31.168 72.57 59.934 117.258 141.622 117.258 231.676 0 104.488-60.158 197.722-154.24 258.764-1.142 7.496-1.76 15.16-1.76 22.966z"
        ],
        "tags": [
          "bubbles",
          "comments",
          "chat",
          "talk"
        ],
        "defaultCode": 59757,
        "grid": 16,
        "attrs": []
      },
      "attrs": [],
      "properties": {
        "ligatures": "bubbles2, comments2",
        "name": "bubbles2",
        "order": 21,
        "id": 110,
        "prevSize": 32
      },
      "setIdx": 3,
      "setId": 1,
      "iconIdx": 109
    },
    {
      "icon": {
        "width": 1152,
        "paths": [
          "M768 770.612v-52.78c70.498-39.728 128-138.772 128-237.832 0-159.058 0-288-192-288s-192 128.942-192 288c0 99.060 57.502 198.104 128 237.832v52.78c-217.102 17.748-384 124.42-384 253.388h896c0-128.968-166.898-235.64-384-253.388z",
          "M327.196 795.328c55.31-36.15 124.080-63.636 199.788-80.414-15.054-17.784-28.708-37.622-40.492-59.020-30.414-55.234-46.492-116.058-46.492-175.894 0-86.042 0-167.31 30.6-233.762 29.706-64.504 83.128-104.496 159.222-119.488-16.914-76.48-61.94-126.75-181.822-126.75-192 0-192 128.942-192 288 0 99.060 57.502 198.104 128 237.832v52.78c-217.102 17.748-384 124.42-384 253.388h279.006c14.518-12.91 30.596-25.172 48.19-36.672z"
        ],
        "tags": [
          "users",
          "group",
          "team",
          "members",
          "community",
          "collaborate"
        ],
        "defaultCode": 59762,
        "grid": 16,
        "attrs": []
      },
      "attrs": [],
      "properties": {
        "ligatures": "users, group",
        "name": "users",
        "order": 22,
        "id": 115,
        "prevSize": 32
      },
      "setIdx": 3,
      "setId": 1,
      "iconIdx": 114
    },
    {
      "icon": {
        "paths": [
          "M64 192h896v192h-896zM64 448h896v192h-896zM64 704h896v192h-896z"
        ],
        "tags": [
          "menu",
          "list",
          "options",
          "lines",
          "hamburger"
        ],
        "defaultCode": 59837,
        "grid": 16,
        "attrs": []
      },
      "attrs": [],
      "properties": {
        "ligatures": "menu, list3",
        "name": "menu",
        "order": 20,
        "id": 190,
        "prevSize": 32
      },
      "setIdx": 3,
      "setId": 1,
      "iconIdx": 189
    },
    {
      "icon": {
        "paths": [
          "M1024 397.050l-353.78-51.408-158.22-320.582-158.216 320.582-353.784 51.408 256 249.538-60.432 352.352 316.432-166.358 316.432 166.358-60.434-352.352 256.002-249.538z"
        ],
        "tags": [
          "star-full",
          "rate",
          "star",
          "favorite",
          "bookmark"
        ],
        "defaultCode": 59865,
        "grid": 16,
        "attrs": []
      },
      "attrs": [],
      "properties": {
        "ligatures": "star-full, rate3",
        "name": "star-full",
        "order": 6,
        "id": 218,
        "prevSize": 32
      },
      "setIdx": 3,
      "setId": 1,
      "iconIdx": 217
    }
  ],
  "height": 1024,
  "preferences": {
    "showGlyphs": true,
    "showQuickUse": true,
    "showQuickUse2": true,
    "showSVGs": true,
    "fontPref": {
      "prefix": "icon-",
      "metadata": {
        "fontFamily": "icomoon"
      },
      "metrics": {
        "emSize": 1024,
        "baseline": 6.25,
        "whitespace": 50
      },
      "embed": false
    },
    "imagePref": {
      "prefix": "icon-",
      "png": false,
      "useClassSelector": true,
      "color": 0,
      "bgColor": 16777215,
      "classSelector": ".icon",
      "name": "icomoon",
      "height": 32,
      "columns": 16,
      "margin": 16
    },
    "historySize": 50,
    "showCodes": true,
    "gridSize": 16
  }
}